{"40": {"2": 1.4586899757385254, "3": 0.6649922847747802, "4": 0.3366295337677002}, "44": {"3": 3.2830397129058837, "4": 1.5843918323516846, "5": 0.7473727703094483}, "48": {"3": 16.571412801742554, "4": 7.442282104492188, "5": 3.481117105484009, "6": 1.4398576736450195}, "52": {"4": 37.54068894386292, "5": 16.539784955978394, "6": 7.099780702590943, "7": 3.4918932914733887}, "56": {"4": 171.46612825393677, "5": 75.4439037322998, "6": 38.669978284835814, "7": 17.450310134887694}, "60": {"5": 390.7318987369537, "6": 168.30803108215332, "7": 83.51950578689575, "8": 37.850191020965575}, "64": {"6": 811.160388469696, "7": 379.64587874412535, "8": 170.56770639419557}}