{"68": {"7": 1112.5570253133774, "8": 479.5018218755722}, "72": {"8": 2355.917799592018, "9": 999.105131149292}}