{"40": [0.027345800399780275, 0.028705286979675292, 0.04023177623748779, 0.05399587154388428, 0.12885124683380128], "44": [0.02752363681793213, 0.03117198944091797, 0.03439748287200928, 0.05998327732086182, 0.14451353549957274], "48": [0.02688140869140625, 0.0311568021774292, 0.04145023822784424, 0.07178902626037598, 0.17770805358886718, 0.7723205089569092], "52": [0.030724048614501953, 0.0337996244430542, 0.038432073593139646, 0.06469981670379639, 0.2147299528121948, 0.9621474742889404, 4.545306944847107], "56": [0.028928422927856447, 0.029544734954833986, 0.04648702144622803, 0.07295942306518555, 0.2585240364074707, 1.2503008842468262, 6.229953813552856], "60": [0.02784292697906494, 0.030940818786621093, 0.04206216335296631, 0.07759618759155273, 0.23543293476104737, 1.0590540170669556, 5.0807860612869264, 26.0371036529541], "64": [0.030629730224609374, 0.03234548568725586, 0.053268265724182126, 0.07961657047271728, 0.2805695772171021, 1.262495183944702, 6.156854581832886, 30.771571969985963]}