{"68": [0.03642606735229492, 0.04044771194458008, 0.062442898750305176, 0.11857373714447021, 0.46853954792022706, 2.189353275299072, 10.584056496620178, 51.81921377182007], "72": [0.03867483139038086, 0.03953917026519775, 0.06321074962615966, 0.14159255027770995, 0.5586904764175415, 2.488979959487915, 12.48653199672699, 60.647889852523804, 294.82237355709077]}